id,first_name,last_name,email,gender,country,city
1,Ingeberg,Bachanski,ibachanski0@illinois.edu,Female,China,Jiaoziya
2,Jelene,Tersay,jtersay1@hud.gov,Female,China,Chixi
3,Hobart,Pierrepoint,hpierrepoint2@cbc.ca,Male,South Korea,Yangp'yŏng
4,Abel,Duckerin,aduckerin3@sphinn.com,Male,China,Badaogu
5,Othelia,Casley,ocasley4@loc.gov,Female,Tanzania,Makuyuni
6,Serene,Headley,sheadley5@oracle.com,Female,United States,Orlando
7,Andrew,Doale,adoale6@nydailynews.com,Male,Indonesia,Banjar Sedang
8,Vaughan,Piatkow,vpiatkow7@squarespace.com,Male,China,Zhongzuiling
9,Caye,Blaza,cblaza8@mail.ru,Female,Peru,Malvas
10,Lynde,Hulke,lhulke9@miibeian.gov.cn,Female,Japan,Nanae
11,Ruperta,Horsfield,rhorsfielda@freewebs.com,Female,Ivory Coast,Mankono
12,Sol,Skeemor,sskeemorb@jimdo.com,Male,Tanzania,Liwale
13,Lucretia,Jeafferson,ljeaffersonc@sfgate.com,Female,Russia,Koslan
14,Marlo,Bedborough,mbedboroughd@wp.com,Male,Palestinian Territory,Dayr Sharaf
15,Rochell,Grimley,rgrimleye@quantcast.com,Female,Indonesia,Sundawenang
16,Kennan,Carmichael,kcarmichaelf@examiner.com,Male,Argentina,Guernica
17,Tabbatha,Riddell,triddellg@friendfeed.com,Female,Japan,Hamakita
18,Cad,Aberdeen,caberdeenh@admin.ch,Male,Russia,Pokrovskoye-Streshnëvo
19,Antonina,Venus,avenusi@dion.ne.jp,Female,Indonesia,Klapagading
20,Lane,Van Oort,lvanoortj@about.me,Female,Russia,Naushki
21,Gus,Harber,gharberk@prlog.org,Male,Russia,Vysokogornyy
22,Jackie,Ert,jertl@harvard.edu,Female,China,Zhougao
23,Daloris,Stovold,dstovoldm@alexa.com,Female,France,Paris 17
24,Melisande,Mullinger,mmullingern@europa.eu,Female,Uganda,Kole
25,Katina,Seiler,kseilero@omniture.com,Female,Russia,Verkhniy Lomov
26,Bettina,Godon,bgodonp@geocities.jp,Female,Djibouti,Djibouti
27,Corinne,Blunden,cblundenq@livejournal.com,Bigender,Indonesia,Senduro
28,Rayner,Blasing,rblasingr@bizjournals.com,Male,Bangladesh,Mathba
29,Filmore,Capner,fcapners@marketwatch.com,Male,Greece,Síkinos
30,Jackelyn,Van Hove,jvanhovet@globo.com,Female,South Sudan,Raga
31,Brennan,Grimmert,bgrimmertu@shutterfly.com,Agender,United States,Minneapolis
32,Godfree,Waplington,gwaplingtonv@auda.org.au,Male,Slovenia,Jurovski Dol
33,Truman,Eicke,teickew@cpanel.net,Male,Indonesia,Rancabugel
34,Teriann,Betteney,tbetteneyx@oaic.gov.au,Female,China,Gongjiang
35,Teddi,Mashal,tmashaly@geocities.com,Female,Brazil,São Jerônimo
36,Ema,Osgerby,eosgerbyz@pcworld.com,Polygender,Nigeria,Kamba
37,Clem,Drinkale,cdrinkale10@theguardian.com,Male,Indonesia,Tetebatu
38,Kellyann,Capstake,kcapstake11@bloomberg.com,Female,Brazil,Andradina
39,Monte,Hoofe,mhoofe12@rediff.com,Male,Uruguay,Barra de Carrasco
40,Ryley,Fenech,rfenech13@dyndns.org,Male,Brazil,Itacorubi
41,Damara,Kleinpeltz,dkleinpeltz14@amazon.com,Female,Chile,El Monte
42,Arlyn,Glenfield,aglenfield15@reddit.com,Female,Philippines,Sibulan
43,Kenon,Greenan,kgreenan16@elpais.com,Male,Russia,Tarasovskiy
44,Edd,Alfwy,ealfwy17@seesaa.net,Male,Indonesia,Leuwidamar
45,Brandon,De-Ville,bdeville18@reverbnation.com,Male,Czech Republic,Jirkov
46,Jaynell,Westhead,jwesthead19@sina.com.cn,Female,China,Dongpu
47,Hubie,Laverty,hlaverty1a@typepad.com,Male,Indonesia,Sogati
48,Kellyann,Pickless,kpickless1b@techcrunch.com,Female,Mexico,San Miguel
49,Aubrey,Mabbs,amabbs1c@usgs.gov,Female,China,Zhaocun
50,Milly,Georgeson,mgeorgeson1d@uol.com.br,Female,China,Huangzhuang
51,Chrystal,Sarfass,csarfass1e@ted.com,Polygender,Madagascar,Fenoarivo Be
52,Sigismundo,Brende,sbrende1f@furl.net,Male,Albania,Moglicë
53,Buck,Thraves,bthraves1g@multiply.com,Male,Russia,Vologda
54,Boothe,Dessant,bdessant1h@sitemeter.com,Male,Indonesia,Cisompet
55,Cass,Crunkhurn,ccrunkhurn1i@phpbb.com,Male,Kenya,Lodwar
56,Noe,Bowden,nbowden1j@woothemes.com,Male,Thailand,Sa Bot
57,Blair,Scottrell,bscottrell1k@skype.com,Male,Czech Republic,Hovězí
58,Roz,Mandel,rmandel1l@dmoz.org,Female,Estonia,Narva
59,Niels,June,njune1m@bandcamp.com,Male,Sweden,Göteborg
60,Carry,Thundercliffe,cthundercliffe1n@163.com,Bigender,Iran,Varāmīn
61,Kennith,Callan,kcallan1o@etsy.com,Male,Liberia,Buutuo
62,Arliene,Butterley,abutterley1p@tumblr.com,Female,China,Jiyang
63,Barri,Brocklesby,bbrocklesby1q@hubpages.com,Polygender,China,Zhenchuan
64,Catherin,Oldam,coldam1r@zdnet.com,Female,China,Zhougao
65,Lefty,Adnet,ladnet1s@123-reg.co.uk,Male,Brazil,Araguaiana
66,Hyman,Jeeks,hjeeks1t@nyu.edu,Bigender,Philippines,Tipo-Tipo
67,Clifford,Waldram,cwaldram1u@netscape.com,Male,Bosnia and Herzegovina,Mionica
68,Chrissy,Fanstone,cfanstone1v@imgur.com,Female,Guatemala,Santa Catarina Ixtahuacán
69,Malena,Monson,mmonson1w@nifty.com,Female,Colombia,Buenaventura
70,Matthias,Goozee,mgoozee1x@hao123.com,Genderfluid,Russia,Ussuriysk
71,Terra,De Vere,tdevere1y@trellian.com,Female,Poland,Giedlarowa
72,Star,Alans,salans1z@cnet.com,Female,Indonesia,Ploso Wetan
73,Ezechiel,Maffi,emaffi20@is.gd,Male,Vietnam,Tân Việt
74,Jone,Albarez,jalbarez21@netscape.com,Male,China,Lidu
75,Eward,Loddy,eloddy22@zdnet.com,Male,United States,Santa Ana
76,Bernelle,Labrom,blabrom23@jigsy.com,Female,Indonesia,Sukawening
77,Mallorie,Whiteoak,mwhiteoak24@livejournal.com,Female,Indonesia,Duri
78,Tony,Sowman,tsowman25@state.tx.us,Male,Indonesia,Kebon
79,Georg,Peacop,gpeacop26@printfriendly.com,Male,Turkey,Yeniköy
80,Olivie,Coldham,ocoldham27@cloudflare.com,Female,Nigeria,Boje
81,Roseanne,Avo,ravo28@mysql.com,Female,Kazakhstan,Shalqīya
82,Bryanty,Letterick,bletterick29@webmd.com,Male,Brazil,Sarandi
83,Halimeda,Kingsnoad,hkingsnoad2a@macromedia.com,Female,Peru,Yaurisque
84,Verla,Sokell,vsokell2b@sciencedaily.com,Female,Japan,Nagareyama
85,Idelle,Clemens,iclemens2c@theglobeandmail.com,Female,Portugal,Santo Amaro
86,Piggy,Priddle,ppriddle2d@craigslist.org,Male,China,Mabai
87,Osborne,Huggan,ohuggan2e@statcounter.com,Male,Chad,Goz Beïda
88,Maribel,Hemphrey,mhemphrey2f@over-blog.com,Female,China,Fenghua
89,Harriett,Ciobutaru,hciobutaru2g@nasa.gov,Female,China,Qianchuan
90,Velvet,Taffie,vtaffie2h@arizona.edu,Female,France,Paris La Défense
91,Skell,Kleis,skleis2i@hp.com,Male,North Korea,Najin
92,Diahann,Tremoulet,dtremoulet2j@wufoo.com,Female,Norway,Oslo
93,Dinah,Dorber,ddorber2k@icio.us,Female,Indonesia,Cipancur
94,Robby,Treven,rtreven2l@sciencedaily.com,Male,Japan,Goshogawara
95,Ashien,Andriesse,aandriesse2m@hibu.com,Female,France,Rennes
96,Donnie,Greenman,dgreenman2n@about.me,Polygender,Russia,Kostrovo
97,Roxanne,Dicte,rdicte2o@trellian.com,Female,Brazil,Espinosa
98,Addia,Fley,afley2p@alibaba.com,Female,Portugal,Praia das Maçãs
99,Pooh,Cawsey,pcawsey2q@mashable.com,Male,Indonesia,Cibodas
100,Andria,Edmonston,aedmonston2r@techcrunch.com,Female,Brazil,São Gabriel da Cachoeira
101,Falkner,Swansborough,fswansborough2s@ed.gov,Male,Japan,Kanie
102,Lamont,Padmore,lpadmore2t@facebook.com,Polygender,China,Junyang
103,Ernesta,Wickliffe,ewickliffe2u@mashable.com,Female,Czech Republic,Prostřední Bečva
104,Bessy,Stennet,bstennet2v@indiatimes.com,Female,China,Dongjiao
105,Umberto,Leneham,uleneham2w@xrea.com,Male,China,Cuntan
106,Hatty,Spain,hspain2x@squidoo.com,Genderqueer,Russia,Trunovskoye
107,Yolanda,Ucchino,yucchino2y@apple.com,Female,China,Puyuan
108,Lothaire,Tyer,ltyer2z@so-net.ne.jp,Male,China,Huizhai
109,Gal,De Avenell,gdeavenell30@upenn.edu,Male,China,Chengjiao Chengguanzhen
110,Bette,Ebbage,bebbage31@cmu.edu,Female,Malaysia,Kangar
111,Dugald,Bezarra,dbezarra32@1688.com,Male,Peru,Ocoyo
112,Bertrando,Doxey,bdoxey33@amazon.co.jp,Male,Indonesia,Camplong
113,Conant,Morphet,cmorphet34@google.com.br,Male,Brazil,Tabatinga
114,Archambault,Groves,agroves35@fda.gov,Male,Colombia,La Uvita
115,Geralda,Fulford,gfulford36@cocolog-nifty.com,Female,China,Changshan
116,Abbye,Goldberg,agoldberg37@nba.com,Female,France,Bagneux
117,Gustie,Bleakley,gbleakley38@purevolume.com,Female,Argentina,Quimilí
118,Brose,Dahlback,bdahlback39@shinystat.com,Male,Brazil,Ituberá
119,Godart,Nelmes,gnelmes3a@blogs.com,Male,Indonesia,Tamansari
120,Melisande,Barnaby,mbarnaby3b@google.es,Female,Sweden,Danderyd
121,Ritchie,Easby,reasby3c@comsenz.com,Male,France,Alès
122,Tedd,Pownall,tpownall3d@plala.or.jp,Male,Argentina,General Arenales
123,Callida,Freezor,cfreezor3e@fda.gov,Female,Greece,Ágios Athanásios
124,Way,Foort,wfoort3f@reverbnation.com,Male,Indonesia,Batambak
125,Roana,Bridgens,rbridgens3g@cbc.ca,Female,Kenya,Ol Kalou
126,Abbi,Heys,aheys3h@va.gov,Female,Poland,Bielawa
127,Rosemary,Parres,rparres3i@cafepress.com,Female,Portugal,Louredo
128,Caro,Hubbucke,chubbucke3j@friendfeed.com,Female,China,Taojiahe
129,Pat,Balnave,pbalnave3k@nature.com,Male,Italy,Padova
130,Chadwick,Buttress,cbuttress3l@kickstarter.com,Male,Russia,Chuguyevka
131,Debera,Bautiste,dbautiste3m@cbsnews.com,Female,China,Xinjiezhen
132,Orelia,Alger,oalger3n@e-recht24.de,Female,Philippines,Kaputian
133,Eldon,Davisson,edavisson3o@samsung.com,Male,Azerbaijan,Sabunçu
134,Shell,Cranstone,scranstone3p@slashdot.org,Male,Indonesia,Nobo
135,Ker,Bovingdon,kbovingdon3q@mapquest.com,Polygender,Colombia,Regidor
136,Gail,Jencey,gjencey3r@google.com.au,Male,Poland,Obsza
137,Massimo,Sherrott,msherrott3s@prweb.com,Male,Indonesia,Mekarsari
138,Olimpia,O'Dooghaine,oodooghaine3t@opera.com,Female,Philippines,San Antonio
139,Kimball,Geekie,kgeekie3u@timesonline.co.uk,Male,Norway,Porsgrunn
140,Cleavland,Holhouse,cholhouse3v@shop-pro.jp,Male,Japan,Uozu
141,Saleem,Balsdone,sbalsdone3w@addthis.com,Male,Iran,Qal‘eh-ye Khvājeh
142,Bram,Geeve,bgeeve3x@altervista.org,Male,Moldova,Bender
143,Clare,Sandom,csandom3y@liveinternet.ru,Female,Morocco,Matmata
144,Hazel,Demann,hdemann3z@studiopress.com,Male,Indonesia,Margorejo
145,Hakim,Gully,hgully40@jalbum.net,Male,Indonesia,Palu
146,Giffy,Wilcock,gwilcock41@npr.org,Agender,Portugal,Vale da Serra
147,Ingram,Woodhall,iwoodhall42@so-net.ne.jp,Male,Chile,Machalí
148,Robenia,Dobbing,rdobbing43@ycombinator.com,Female,Greece,Pyrgetós
149,Elbert,Rorke,erorke44@about.com,Male,Russia,Shcherbinka
150,Regina,Moulson,rmoulson45@wix.com,Female,Mongolia,Tsalgar
151,Keefe,Halden,khalden46@etsy.com,Male,China,Dehui
152,Rafferty,Grabban,rgrabban47@ibm.com,Male,Cambodia,Kampong Chhnang
153,Cosimo,Vannuccini,cvannuccini48@soup.io,Male,Russia,Nebug
154,Vivi,Benedicto,vbenedicto49@e-recht24.de,Genderqueer,Poland,Janowice
155,Meryl,Mussett,mmussett4a@reuters.com,Female,Peru,San Lorenzo
156,Reggie,Michelin,rmichelin4b@sphinn.com,Female,Indonesia,Baturinggit Kaja
157,Iorgo,Oldacre,ioldacre4c@sciencedaily.com,Male,China,Xihe
158,Wallie,Storrock,wstorrock4d@cloudflare.com,Female,Mexico,Independencia
159,Grace,Kasting,gkasting4e@va.gov,Female,China,Wenshang
160,Nicolis,Eckford,neckford4f@amazon.com,Male,Russia,Glotovka
161,Lynna,Abram,labram4g@usatoday.com,Female,Brazil,Viçosa do Ceará
162,Sarina,Barlee,sbarlee4h@washington.edu,Female,China,Hepingyizu
163,Brigitta,Greenly,bgreenly4i@wisc.edu,Female,Cuba,La Sierpe
164,Wynne,Halcro,whalcro4j@engadget.com,Female,Philippines,Glan
165,Annadiana,Sheekey,asheekey4k@indiatimes.com,Genderqueer,Russia,Semikarakorsk
166,Anissa,Farenden,afarenden4l@amazon.co.jp,Female,Indonesia,Pedamaran
167,Peta,Lawfull,plawfull4m@hao123.com,Female,Sweden,Visby
168,Brooke,Saltmarsh,bsaltmarsh4n@globo.com,Male,Madagascar,Arivonimamo
169,Caty,Smallthwaite,csmallthwaite4o@ucsd.edu,Female,Brazil,Jaguaribe
170,Glenden,Wakenshaw,gwakenshaw4p@goo.gl,Male,Argentina,Hualfín
171,Angie,Higounet,ahigounet4q@stanford.edu,Male,Peru,Huambo
172,Catarina,Wilstead,cwilstead4r@columbia.edu,Female,Norway,Oslo
173,Marius,Surgeon,msurgeon4s@goo.ne.jp,Male,Poland,Włoszakowice
174,Griz,Meffan,gmeffan4t@fda.gov,Male,Zambia,Nyimba
175,Jacquette,Strathern,jstrathern4u@house.gov,Female,Poland,Straszydle
176,Harmon,Frean,hfrean4v@princeton.edu,Male,Indonesia,Kalisari
177,Elnora,Shailer,eshailer4w@wunderground.com,Female,Uzbekistan,Toshbuloq
178,Cordula,Lopes,clopes4x@reddit.com,Female,Argentina,Brea Pozo
179,Lawton,Wisbey,lwisbey4y@networksolutions.com,Male,Russia,Mezinovskiy
180,Riley,Searby,rsearby4z@vk.com,Male,Brazil,Guaiúba
181,Gerhard,Naughton,gnaughton50@dailymotion.com,Male,China,Huayuan
182,Kare,Yexley,kyexley51@abc.net.au,Female,Russia,Gubskaya
183,Ibby,Burrell,iburrell52@mashable.com,Female,Mexico,El Calvario
184,Errick,Offield,eoffield53@about.me,Male,Russia,Roza
185,Marti,Buncher,mbuncher54@blog.com,Female,Indonesia,Pasirputih
186,Alys,Lelande,alelande55@archive.org,Female,Poland,Skaryszew
187,Benjy,Cohan,bcohan56@yale.edu,Male,Russia,Medvedok
188,Tarrah,Dutnall,tdutnall57@wordpress.com,Female,Indonesia,Leuwidamar
189,Webb,Klaaassen,wklaaassen58@dot.gov,Male,Indonesia,Nanggela
190,Sheff,Goranov,sgoranov59@bloglines.com,Male,China,Huangtan
191,Lorelle,Mobius,lmobius5a@pagesperso-orange.fr,Female,United States,San Antonio
192,Cass,Willison,cwillison5b@independent.co.uk,Male,China,Ludishan
193,Nolana,Finnes,nfinnes5c@boston.com,Female,Czech Republic,Slavonice
194,Manny,Biddiss,mbiddiss5d@aol.com,Male,China,Deqing
195,Hephzibah,Weth,hweth5e@adobe.com,Female,Democratic Republic of the Congo,Boende
196,Tiebout,Roggeman,troggeman5f@webmd.com,Male,Myanmar,Monywa
197,Gareth,Torfin,gtorfin5g@wunderground.com,Male,Chile,Vicuña
198,Rochelle,Ozelton,rozelton5h@timesonline.co.uk,Female,Philippines,Carpenter
199,Baryram,Iron,biron5i@eepurl.com,Male,South Korea,Moppo
200,Phyllys,Stiles,pstiles5j@vk.com,Female,China,Liuhu
201,Chrisy,Fazackerley,cfazackerley5k@facebook.com,Male,Indonesia,Sedatiagung
202,Boyd,Polino,bpolino5l@google.com,Male,Philippines,San Sebastian
203,Ronny,Standbridge,rstandbridge5m@php.net,Female,Tanzania,Buseresere
204,Clayson,Woodford,cwoodford5n@latimes.com,Male,Laos,Xamtay
205,Lissi,Baber,lbaber5o@ted.com,Female,Spain,Cadiz
206,Kizzie,Storm,kstorm5p@yale.edu,Female,Portugal,Devesa
207,Peder,Sanger,psanger5q@canalblog.com,Male,Russia,Artybash
208,Debbie,Dibley,ddibley5r@tmall.com,Female,Mexico,San Jose
209,Julienne,Truse,jtruse5s@redcross.org,Female,Turkmenistan,Saýat
210,Adelbert,Snaden,asnaden5t@bloomberg.com,Male,Russia,Strezhevoy
211,Rosabelle,Arnaldo,rarnaldo5u@fc2.com,Female,Japan,Mobara
212,Arnaldo,Nealon,anealon5v@about.me,Male,Palestinian Territory,Faḩmah
213,Halley,Ennever,hennever5w@cdbaby.com,Female,Switzerland,Basel
214,Cristobal,Lainton,clainton5x@mayoclinic.com,Male,China,Kuanchuan
215,Derby,Depke,ddepke5y@miibeian.gov.cn,Male,Venezuela,Ciudad Ojeda
216,Boycey,D'Hooghe,bdhooghe5z@hud.gov,Male,Portugal,Arrabal
217,Horacio,Posnette,hposnette60@prweb.com,Male,Ukraine,Shchastya
218,Celina,Pidgin,cpidgin61@ifeng.com,Agender,South Africa,Kutloanong
219,Karel,Hellikes,khellikes62@usgs.gov,Male,China,Qinglin
220,Luigi,Walsh,lwalsh63@bandcamp.com,Male,China,Xinglong
221,Warden,Lebbon,wlebbon64@tamu.edu,Male,Brazil,Garça
222,Kandace,Polk,kpolk65@linkedin.com,Bigender,Kosovo,Vitina
223,Lindon,Shemwell,lshemwell66@globo.com,Male,Philippines,San Miguel
224,Astrid,Fleischmann,afleischmann67@hibu.com,Female,Poland,Luboń
225,Mandel,Leuty,mleuty68@furl.net,Male,Armenia,Aygezard
226,Junia,Safell,jsafell69@ask.com,Female,France,Ajaccio
227,Aleen,Spence,aspence6a@yale.edu,Female,Brazil,Cachoeira
228,Blinny,Habershon,bhabershon6b@deliciousdays.com,Female,Sri Lanka,Sigiriya
229,Maddy,Hasted,mhasted6c@chron.com,Genderqueer,Brazil,Belo Jardim
230,Trevar,Roon,troon6d@latimes.com,Male,Czech Republic,Černovice
231,Zachery,Matzl,zmatzl6e@bigcartel.com,Male,Mexico,Lindavista
232,Kassia,Beadle,kbeadle6f@eventbrite.com,Female,Indonesia,Plandirejo
233,Gery,Itzkovich,gitzkovich6g@netscape.com,Non-binary,Thailand,Trat
234,Ketty,Aleksankov,kaleksankov6h@google.co.uk,Female,Indonesia,Pasiragung
235,Maria,Hodgets,mhodgets6i@hubpages.com,Female,Poland,Tarłów
236,Faustine,Kearford,fkearford6j@g.co,Female,France,Guyancourt
237,Devondra,Simnor,dsimnor6k@pagesperso-orange.fr,Female,Indonesia,Singkir
238,Juliette,Eccles,jeccles6l@phpbb.com,Female,Indonesia,Turi
239,Chickie,Lumbers,clumbers6m@latimes.com,Female,Indonesia,Magok
240,Percy,Belhome,pbelhome6n@behance.net,Genderqueer,Russia,Sudogda
241,Gasparo,Mathison,gmathison6o@nbcnews.com,Male,Taiwan,Jincheng
242,Hettie,Blanshard,hblanshard6p@mit.edu,Female,China,Yunfeng
243,Etienne,Ardern,eardern6q@bbb.org,Male,Japan,Mobara
244,Stern,Cocke,scocke6r@so-net.ne.jp,Male,Yemen,Aḑ Ḑil‘
245,Natasha,Degoe,ndegoe6s@dagondesign.com,Polygender,Ghana,Achiaman
246,Feodor,Riccard,friccard6t@globo.com,Male,Dominican Republic,Bonao
247,Gregg,Wafer,gwafer6u@umich.edu,Male,Philippines,Palayan City
248,Aldridge,Beal,abeal6v@goo.gl,Male,China,Huji
249,Yoshi,Salliss,ysalliss6w@bbc.co.uk,Bigender,Indonesia,Cibodas
250,Rutger,Beckford,rbeckford6x@imageshack.us,Male,Malaysia,Shah Alam
251,Towny,Biddulph,tbiddulph6y@tumblr.com,Male,Mexico,Dante Delgado
252,Roy,Tomsu,rtomsu6z@360.cn,Male,Mongolia,Üydzen
253,Brenden,Foden,bfoden70@patch.com,Male,China,Bajingzi
254,Bartolomeo,Rowthorn,browthorn71@topsy.com,Male,Ukraine,Zalesnoye
255,Reagan,Gouge,rgouge72@wix.com,Male,France,Challans
256,Tiphany,Clarke,tclarke73@shareasale.com,Female,Malaysia,Butterworth
257,Skipper,Dukelow,sdukelow74@indiegogo.com,Male,China,Woken
258,Wynn,Slemmonds,wslemmonds75@thetimes.co.uk,Agender,Serbia,Stara Pazova
259,Bruce,Arrol,barrol76@indiegogo.com,Male,Ukraine,Yurkivka
260,Olva,Statersfield,ostatersfield77@github.com,Female,China,Wenjiao
261,Suzy,Pawel,spawel78@instagram.com,Female,China,Xincun
262,Ella,Gimenez,egimenez79@cnbc.com,Female,Afghanistan,Farah
263,Walther,Duval,wduval7a@thetimes.co.uk,Male,Egypt,Jirjā
264,Moll,MacGarvey,mmacgarvey7b@photobucket.com,Genderfluid,Slovenia,Kamnica
265,Roseanna,Richter,rrichter7c@hexun.com,Female,Philippines,Pilar
266,Conchita,Gallager,cgallager7d@cbsnews.com,Female,Japan,Atsugi
267,Norby,Lebond,nlebond7e@t-online.de,Male,Russia,Kalinovskaya
268,Hobie,Chaim,hchaim7f@rambler.ru,Male,China,Toupi
269,Constantina,Binnall,cbinnall7g@linkedin.com,Female,Poland,Gryfino
270,Myranda,Doran,mdoran7h@mlb.com,Female,Mongolia,Hushaat
271,Wakefield,Rycraft,wrycraft7i@bigcartel.com,Male,United States,San Francisco
272,Robin,Stacey,rstacey7j@theglobeandmail.com,Bigender,Spain,Sevilla
273,Camille,O'Currine,cocurrine7k@cargocollective.com,Female,Cuba,Vertientes
274,Sal,McCarry,smccarry7l@pagesperso-orange.fr,Male,Indonesia,Kambatatamakawu
275,Dario,Northbridge,dnorthbridge7m@constantcontact.com,Male,China,Lixu
276,Axel,Mattys,amattys7n@globo.com,Male,Indonesia,Kramat
277,Perle,Siehard,psiehard7o@epa.gov,Agender,Uzbekistan,Oqtosh
278,Wolfy,Line,wline7p@sphinn.com,Male,Ukraine,Krasne
279,Teodoor,Petford,tpetford7q@pbs.org,Male,Philippines,Tigbao
280,Alasdair,Tucknott,atucknott7r@blog.com,Male,Myanmar,Thongwa
281,Gertie,Hove,ghove7s@photobucket.com,Female,Croatia,Privlaka
282,Keary,Pletts,kpletts7t@dmoz.org,Male,China,Baolong
283,Carlita,Ranald,cranald7u@house.gov,Female,Poland,Rzeczenica
284,Susi,Inkpen,sinkpen7v@indiegogo.com,Bigender,Brazil,Queimados
285,Luz,Shills,lshills7w@about.com,Female,Mali,Yanfolila
286,Ellary,Hestrop,ehestrop7x@lulu.com,Male,Sweden,Bengtsfors
287,Kai,Cuncliffe,kcuncliffe7y@java.com,Female,Indonesia,Bebedahan
288,Virgina,Marcoolyn,vmarcoolyn7z@sohu.com,Female,China,Daoxu
289,Allyn,Goodbarr,agoodbarr80@photobucket.com,Male,Morocco,Galaz
290,Montague,Chestney,mchestney81@sogou.com,Male,Indonesia,Nambak Tengah
291,Jason,Gouch,jgouch82@spiegel.de,Male,Indonesia,Tanagara
292,Beret,O'Leahy,boleahy83@jiathis.com,Female,Indonesia,Mlanggeng
293,Tad,Shier,tshier84@devhub.com,Male,Colombia,Sevilla
294,Ingrim,Ruffler,iruffler85@wisc.edu,Male,Thailand,Lop Buri
295,Markus,Doull,mdoull86@miitbeian.gov.cn,Male,Ivory Coast,Dabou
296,Dicky,Champkin,dchampkin87@stanford.edu,Genderqueer,China,Xiaoguai
297,Chilton,Wilcock,cwilcock88@diigo.com,Male,China,Beigao
298,Phil,Ronan,pronan89@simplemachines.org,Male,China,Laozhuang
299,Therine,Walczak,twalczak8a@wufoo.com,Female,China,Hetan
300,Carleen,Fosh,cfosh8b@i2i.jp,Agender,Kenya,Lamu
301,Ralph,Gostage,rgostage8c@ibm.com,Polygender,Indonesia,Sukarama
302,Yves,Kirrens,ykirrens8d@japanpost.jp,Male,China,Beishidian
303,Osborn,Teacy,oteacy8e@weebly.com,Male,Sweden,Lidingö
304,Franciska,Borley,fborley8f@exblog.jp,Female,Indonesia,Gesik
305,Sherill,Van Salzberger,svansalzberger8g@blogspot.com,Female,Armenia,Mayisyan
306,Iolanthe,Sille,isille8h@reference.com,Female,China,Qingshuihe
307,Tamera,Maffy,tmaffy8i@nsw.gov.au,Female,China,Guniushan
308,Leigha,Benoi,lbenoi8j@cafepress.com,Female,China,Pengxing
309,Lizabeth,Fudger,lfudger8k@house.gov,Female,Indonesia,Garisul
310,Hayden,Doel,hdoel8l@360.cn,Male,Japan,Mobara
311,Tudor,Bonefant,tbonefant8m@rediff.com,Male,Indonesia,Bojongaren
312,Xerxes,Capini,xcapini8n@devhub.com,Male,China,Qingshanhu
313,Gil,Kinde,gkinde8o@cmu.edu,Male,Portugal,Corredoura
314,Brant,Cream,bcream8p@eventbrite.com,Male,Armenia,Ararat
315,Kristo,Titmuss,ktitmuss8q@washingtonpost.com,Male,Indonesia,Wadung
316,Toddy,Goodred,tgoodred8r@bbc.co.uk,Male,Peru,Jangas
317,Ellwood,De Cleen,edecleen8s@pen.io,Male,China,Beicang
318,Kandy,Sparrowhawk,ksparrowhawk8t@unesco.org,Female,Serbia,Užice
319,Fitz,Baly,fbaly8u@ocn.ne.jp,Genderfluid,China,Xiqi
320,Jacky,Tuison,jtuison8v@slashdot.org,Male,Tunisia,El Jem
321,Helenka,Zelake,hzelake8w@senate.gov,Female,Brazil,Uarini
322,Nalani,Dodridge,ndodridge8x@domainmarket.com,Female,Palestinian Territory,Rammūn
323,Bunnie,Monier,bmonier8y@g.co,Female,Vietnam,Phan Rang-Tháp Chàm
324,Ware,Sang,wsang8z@flavors.me,Male,Brazil,Viana
325,Pincas,Flecknoe,pflecknoe90@storify.com,Male,Moldova,Criuleni
326,Bridgette,Stairmond,bstairmond91@flickr.com,Female,Peru,Quillo
327,Fred,Feldhorn,ffeldhorn92@instagram.com,Female,Tunisia,Al Marsá
328,Palmer,Gerleit,pgerleit93@bbc.co.uk,Male,Egypt,Samālūţ
329,Clari,Nethercott,cnethercott94@google.it,Female,China,Liuzhou
330,Harman,Saintsbury,hsaintsbury95@ucoz.com,Male,Palestinian Territory,‘Arab ar Rashāydah
331,Hayley,Bartoszinski,hbartoszinski96@dmoz.org,Female,China,Dingbu
332,Aindrea,Millom,amillom97@buzzfeed.com,Female,Philippines,San Benito
333,Ethelind,Osan,eosan98@gravatar.com,Female,Brazil,Betim
334,Devondra,Comberbeach,dcomberbeach99@mit.edu,Female,Sri Lanka,Unawatuna
335,Essa,Duligal,eduligal9a@about.com,Female,China,Hekou
336,Hodge,Aldis,haldis9b@hugedomains.com,Male,Portugal,Algés
337,Ketti,Masarrat,kmasarrat9c@cargocollective.com,Female,Greece,Aigínio
338,Lonna,Willan,lwillan9d@bizjournals.com,Female,China,Xiayang
339,Northrop,Darbishire,ndarbishire9e@oakley.com,Male,Armenia,Shenavan
340,Ninon,Lafferty,nlafferty9f@odnoklassniki.ru,Female,United States,Saint Louis
341,Vania,Fishly,vfishly9g@paginegialle.it,Female,United States,Mountain View
342,Ario,Twallin,atwallin9h@state.gov,Male,Colombia,Cerrito
343,Michel,Tommasuzzi,mtommasuzzi9i@cafepress.com,Male,China,Zhitan
344,Cathrine,Canto,ccanto9j@census.gov,Female,Ukraine,Horodok
345,Kelwin,Blackham,kblackham9k@aboutads.info,Male,Comoros,Mtsamdou
346,Witty,Barr,wbarr9l@auda.org.au,Male,Brazil,Aguaí
347,Dorene,Blues,dblues9m@google.com.au,Female,Ukraine,Pustomyty
348,Tuck,Bennough,tbennough9n@nydailynews.com,Male,Portugal,Venda
349,Adi,Duigenan,aduigenan9o@ning.com,Female,Sweden,Västra Frölunda
350,Lanny,Shayes,lshayes9p@state.gov,Non-binary,Argentina,Chepes
351,Padget,Keep,pkeep9q@free.fr,Bigender,Russia,Aleksandrovskiy Zavod
352,Eliza,Reason,ereason9r@wiley.com,Female,Croatia,Bibinje
353,Susanne,Blondin,sblondin9s@gmpg.org,Female,Malta,Marsaxlokk
354,Avivah,Delete,adelete9t@foxnews.com,Genderfluid,Ecuador,Latacunga
355,Clementius,Van Arsdalen,cvanarsdalen9u@goo.ne.jp,Male,Indonesia,Sorodot
356,Frannie,Vampouille,fvampouille9v@gnu.org,Genderqueer,Paraguay,Ypacarai
357,Stillmann,Bockman,sbockman9w@mlb.com,Male,Thailand,Plaeng Yao
358,Normie,Locard,nlocard9x@pcworld.com,Male,Ukraine,Inkerman
359,Natalee,Estrella,nestrella9y@unicef.org,Female,China,Jiuhua
360,Cyb,Brelsford,cbrelsford9z@cnet.com,Bigender,Peru,La Unión
361,Irena,Cowen,icowena0@goo.ne.jp,Female,Nigeria,Egbe
362,Carmon,Clayson,cclaysona1@printfriendly.com,Female,Japan,Miyoshi
363,Liesa,Bosman,lbosmana2@t.co,Female,Portugal,Baraçais
364,Willie,Kersting,wkerstinga3@wisc.edu,Male,Kosovo,Orahovac
365,Gussie,McAviy,gmcaviya4@typepad.com,Female,Poland,Brańsk
366,Modesty,Boughey,mbougheya5@dagondesign.com,Female,Qatar,Umm Sa‘īd
367,Basile,Crus,bcrusa6@prweb.com,Male,Sweden,Uppsala
368,Jennie,Bourdis,jbourdisa7@msn.com,Female,Russia,Priob’ye
369,Gregoor,Serjeant,gserjeanta8@cbslocal.com,Male,Indonesia,Peuteuy
370,Melesa,Rockcliffe,mrockcliffea9@wikispaces.com,Female,Indonesia,Randuagung
371,Reena,Lund,rlundaa@zimbio.com,Female,Indonesia,Banjar Kertasari
372,Justinian,Wissby,jwissbyab@devhub.com,Polygender,Indonesia,Cimonyong
373,Silas,Steenson,ssteensonac@macromedia.com,Male,Indonesia,Cidikit Girang
374,Ari,Cheston,achestonad@zimbio.com,Male,China,Sanguanzhai
375,Chris,Sheehan,csheehanae@mysql.com,Female,Philippines,Malusay
376,Jens,Bartel,jbartelaf@last.fm,Male,China,Meizhuang
377,Lee,Tenny,ltennyag@shinystat.com,Female,Sweden,Göteborg
378,Vic,Churchard,vchurchardah@sfgate.com,Male,China,Xiaocun
379,Erastus,Sowte,esowteai@behance.net,Male,Canada,Acton Vale
380,Paulie,Boosey,pbooseyaj@elpais.com,Male,Poland,Ożarowice
381,Roxine,Milam,rmilamak@narod.ru,Female,United States,Houston
382,Genevra,Dulieu,gdulieual@themeforest.net,Female,Syria,Al Qaryatayn
383,Corney,Simms,csimmsam@springer.com,Male,Indonesia,Karangtanjung
384,Sibella,Sarfati,ssarfatian@elegantthemes.com,Female,Russia,Shilovo
385,Katrina,Gowland,kgowlandao@harvard.edu,Female,Serbia,Srpska Crnja
386,Zea,Erie,zerieap@comsenz.com,Female,Brazil,Brasília
387,Ervin,Duly,edulyaq@wordpress.com,Male,China,Dingqiao
388,Hallie,Wickes,hwickesar@state.gov,Female,Indonesia,Roa
389,Emelina,Keeffe,ekeeffeas@ibm.com,Female,Armenia,Akunk’
390,Con,Labro,clabroat@columbia.edu,Male,Kazakhstan,Ognevka
391,Moises,Finders,mfindersau@patch.com,Bigender,Czech Republic,Želiv
392,Vivie,Ecclesall,vecclesallav@imgur.com,Female,United States,Shreveport
393,Merissa,Albrecht,malbrechtaw@house.gov,Female,Portugal,Calde
394,Thorndike,Grassick,tgrassickax@wordpress.org,Male,China,Yiyang
395,Ethelda,Ciccotti,eciccottiay@gizmodo.com,Female,Serbia,Bačka Topola
396,Jillie,Zorzini,jzorziniaz@constantcontact.com,Female,China,Mengdong
397,Sutton,Bartolomeo,sbartolomeob0@mtv.com,Male,Zambia,Monze
398,Beckie,Buyers,bbuyersb1@naver.com,Female,Russia,Donskoye
399,Pierce,Han,phanb2@unc.edu,Male,Albania,Roshnik
400,Loree,Gudyer,lgudyerb3@geocities.com,Female,United States,Ogden
401,Salaidh,Wildey,swildeyb4@live.com,Female,Venezuela,Alto Barinas
402,Gianna,Maylor,gmaylorb5@usgs.gov,Female,Honduras,Joconal
403,Alicia,Swainson,aswainsonb6@washingtonpost.com,Female,Indonesia,Kalunan
404,Lexine,Bleddon,lbleddonb7@jalbum.net,Female,Palestinian Territory,Şānūr
405,Nehemiah,Connah,nconnahb8@baidu.com,Male,China,Gaotang
406,Nikki,Elstub,nelstubb9@google.ca,Female,China,Raoyang
407,Charmine,Tuison,ctuisonba@forbes.com,Female,China,Jiupu
408,Cyrill,Drew,cdrewbb@trellian.com,Male,Central African Republic,Ndélé
409,Karilynn,Avramchik,kavramchikbc@feedburner.com,Female,Portugal,Terrugem
410,Gennifer,Brickwood,gbrickwoodbd@adobe.com,Female,Mauritius,Ebene
411,Neil,Flood,nfloodbe@mtv.com,Male,Canada,Atikokan
412,Gaultiero,Hymer,ghymerbf@ucla.edu,Male,Spain,Lleida
413,Letty,Round,lroundbg@jugem.jp,Female,China,Fenshui
414,Junia,Phinnessy,jphinnessybh@globo.com,Non-binary,France,Blois
415,Linell,McCambridge,lmccambridgebi@topsy.com,Female,Russia,Il’ichëvo
416,Kennett,Peetermann,kpeetermannbj@usatoday.com,Male,United States,Huntington
417,Ken,O'Cullen,kocullenbk@cornell.edu,Agender,Malaysia,Kota Kinabalu
418,Hanson,Keneford,hkenefordbl@mozilla.org,Male,Brazil,Jaboatão
419,Renee,Blowin,rblowinbm@wikipedia.org,Genderqueer,Portugal,São Roque
420,Zach,Flew,zflewbn@about.me,Male,Japan,Usuki
421,Regen,Plenderleith,rplenderleithbo@fc2.com,Male,China,Wenquan
422,Abie,Barter,abarterbp@tumblr.com,Male,Comoros,Harembo
423,Bianca,Greatex,bgreatexbq@nba.com,Female,Netherlands,Leeuwarden
424,Cece,Legrand,clegrandbr@indiatimes.com,Male,Brazil,Oeiras
425,Rodie,Dennerley,rdennerleybs@thetimes.co.uk,Genderqueer,Niger,Magaria
426,Celesta,Laurand,claurandbt@miitbeian.gov.cn,Polygender,Mexico,Los Fresnos
427,Edward,Shelton,esheltonbu@rakuten.co.jp,Male,Thailand,Nong Don
428,Danica,Kettlesing,dkettlesingbv@youku.com,Female,Philippines,Taloy
429,Dudley,Poter,dpoterbw@dedecms.com,Male,Brazil,Pompéia
430,Jacklin,Johnson,jjohnsonbx@businessinsider.com,Female,Indonesia,Purbalingga
431,Averil,Pelfer,apelferby@friendfeed.com,Male,Tanzania,Kwakoa
432,Penni,Warn,pwarnbz@bizjournals.com,Genderqueer,Syria,Nāḩiyat as Sab‘ Biyār
433,Jemmie,Domingues,jdominguesc0@cocolog-nifty.com,Female,Greece,Vrilissia
434,Eve,Swayne,eswaynec1@123-reg.co.uk,Female,China,Lingkou
435,Gill,Moorman,gmoormanc2@privacy.gov.au,Male,Thailand,Nam Phong
436,Izzy,Zimmer,izimmerc3@princeton.edu,Male,Germany,Leipzig
437,Halsy,Davisson,hdavissonc4@wunderground.com,Non-binary,Nicaragua,Juigalpa
438,Jeannie,Cristoferi,jcristoferic5@list-manage.com,Female,Peru,Andahuaylas
439,Flossy,Slight,fslightc6@google.pl,Female,Philippines,Sabang
440,Sascha,McIlvenny,smcilvennyc7@walmart.com,Female,Sweden,Klippan
441,Cort,Mathieu,cmathieuc8@joomla.org,Male,China,Yuyue
442,Stacia,Ipsly,sipslyc9@house.gov,Genderqueer,Sri Lanka,Unawatuna
443,Hort,Bartrop,hbartropca@biblegateway.com,Male,Philippines,Pansoy
444,Linette,Pickburn,lpickburncb@comsenz.com,Female,Indonesia,Mekarsari
445,Raynor,Branford,rbranfordcc@ask.com,Male,Russia,Tëploye
446,Missy,Baudichon,mbaudichoncd@mac.com,Female,Iran,Māsāl
447,Estel,Klimentyonok,eklimentyonokce@springer.com,Female,Russia,Aromashevo
448,Malchy,Withrop,mwithropcf@deliciousdays.com,Male,Russia,Bronnitsy
449,Carver,Gianulli,cgianullicg@canalblog.com,Male,Latvia,Varakļāni
450,Sherlocke,Justun,sjustunch@cbsnews.com,Male,China,Xiaozhen
451,Kinna,Tapping,ktappingci@meetup.com,Female,Kazakhstan,Zhambyl
452,Elliot,Kempster,ekempstercj@squarespace.com,Male,Mauritania,Néma
453,Dimitry,Redihalgh,dredihalghck@bing.com,Male,Colombia,Coyaima
454,Thelma,Gilliver,tgillivercl@hatena.ne.jp,Female,Portugal,Casal Velho
455,Udale,Padson,upadsoncm@uiuc.edu,Male,Mauritius,Espérance Trébuchet
456,Nanny,Geroldini,ngeroldinicn@cbc.ca,Genderqueer,Honduras,Loma Alta
457,Beaufort,Estevez,bestevezco@t.co,Male,Colombia,El Zulia
458,Rebe,Handrick,rhandrickcp@comcast.net,Female,Nigeria,Kuje
459,Ruy,Hardiman,rhardimancq@telegraph.co.uk,Male,Guatemala,Tamahú
460,Gunther,Mounsie,gmounsiecr@wp.com,Male,Italy,Padova
461,Trixie,Baddam,tbaddamcs@newsvine.com,Genderqueer,United States,Cleveland
462,Maxie,Linggard,mlinggardct@imgur.com,Male,South Korea,Sogcho
463,Davie,Hannon,dhannoncu@foxnews.com,Male,South Korea,Guri-si
464,Humfried,Stiggers,hstiggerscv@cdbaby.com,Male,Iran,Fareydūnshahr
465,Allys,Loghan,aloghancw@vimeo.com,Female,Indonesia,Legok
466,Carlynn,Greenset,cgreensetcx@amazon.co.jp,Female,Iran,Jāsk
467,Scottie,Ellicombe,sellicombecy@friendfeed.com,Male,Portugal,Lentisqueira
468,Marylinda,Mallam,mmallamcz@hhs.gov,Female,Russia,Rozhdestveno
469,Demetri,Betchley,dbetchleyd0@about.com,Male,Indonesia,Sidem
470,Verine,Medler,vmedlerd1@ovh.net,Female,Iran,Shāhīn Dezh
471,Jerome,Nisen,jnisend2@gizmodo.com,Male,Indonesia,Bojen Kulon
472,Kizzee,Abelson,kabelsond3@issuu.com,Female,Portugal,Chaves
473,Mar,Dobby,mdobbyd4@mapquest.com,Male,Russia,Kolodeznyy
474,Stavros,Grafton,sgraftond5@comcast.net,Male,Malawi,Mchinji
475,Gayelord,Le Gall,glegalld6@ycombinator.com,Male,Sierra Leone,Bonthe
476,Enrichetta,Joinsey,ejoinseyd7@paginegialle.it,Female,France,Saint-Quentin-en-Yvelines
477,Ronni,Organer,rorganerd8@nps.gov,Female,Philippines,Bagay
478,Celestyn,Teece,cteeced9@edublogs.org,Female,France,La Plaine-Saint-Denis
479,Jan,Romme,jrommeda@cocolog-nifty.com,Male,Portugal,Elvas
480,Pegeen,Altimas,paltimasdb@ucoz.com,Female,Russia,Sosnovka
481,Winnie,Hopfner,whopfnerdc@si.edu,Male,Burundi,Bururi
482,Cathryn,Comino,ccominodd@sciencedaily.com,Female,China,Dalubian
483,Emera,Claiden,eclaidende@craigslist.org,Female,Germany,Hamburg
484,Jerrilyn,Wakely,jwakelydf@blinklist.com,Female,United States,Portland
485,Archie,Pyne,apynedg@census.gov,Male,Russia,Chashnikovo
486,Leontine,Jillett,ljillettdh@skyrock.com,Female,Portugal,Oliveira
487,Revkah,Yokel,ryokeldi@surveymonkey.com,Female,Ukraine,Yasynuvata
488,Faunie,Slixby,fslixbydj@biglobe.ne.jp,Female,Argentina,Villa Carlos Paz
489,Magda,Tabram,mtabramdk@sciencedaily.com,Female,Japan,Makurazaki
490,Harald,Cornwall,hcornwalldl@unicef.org,Male,Pakistan,Malakand
491,Lezlie,McCrae,lmccraedm@jugem.jp,Female,Russia,Skovorodino
492,Bridgette,Aspray,baspraydn@pcworld.com,Female,Uganda,Fort Portal
493,Hendrik,Westphal,hwestphaldo@wordpress.com,Male,Russia,Yutsa
494,Hillery,Dwyer,hdwyerdp@scientificamerican.com,Male,China,Zhushan Chengguanzhen
495,Roxi,Morrow,rmorrowdq@va.gov,Female,Portugal,Algés
496,Osmund,Antognelli,oantognellidr@chicagotribune.com,Male,Indonesia,Krajan Selatan
497,Noach,Floodgate,nfloodgateds@yahoo.com,Male,China,Hengshui
498,Kelila,Abelson,kabelsondt@eepurl.com,Female,Malaysia,Ipoh
499,Merci,Amsberger,mamsbergerdu@hatena.ne.jp,Female,Bosnia and Herzegovina,Vitez
500,Sumner,Kopecka,skopeckadv@home.pl,Polygender,China,Qianzhou
501,Gaspar,Hoble,ghobledw@google.it,Male,Serbia,Belo Blato
502,Katrinka,Jeal,kjealdx@economist.com,Non-binary,Brazil,Pires do Rio
503,Alley,Iglesias,aiglesiasdy@youtube.com,Male,Peru,Macari
504,Violet,Gwalter,vgwalterdz@sohu.com,Female,Japan,Muroran
505,Margaretha,Plumm,mplumme0@nydailynews.com,Female,Hungary,Ózd
506,Tabor,Surgener,tsurgenere1@squidoo.com,Male,Portugal,Águas
507,Merci,Scolli,mscollie2@last.fm,Female,China,Lidong
508,Cristionna,Shilstone,cshilstonee3@domainmarket.com,Female,Philippines,Lennec
509,Joachim,Cordell,jcordelle4@mashable.com,Male,Brazil,Itaporanga
510,Sherry,Ternott,sternotte5@amazon.co.jp,Female,Russia,Novoanninskiy
511,Filberte,Hassard,fhassarde6@youtube.com,Male,Kazakhstan,Oktyabr’sk
512,Nicko,Milbank,nmilbanke7@g.co,Male,Netherlands,Delft
513,Roberto,Skittle,rskittlee8@studiopress.com,Male,Bosnia and Herzegovina,Ključ
514,Flinn,Musgrave,fmusgravee9@google.pl,Male,Philippines,Dinaig
515,Lethia,Lamba,llambaea@columbia.edu,Female,Russia,Korolev
516,Hill,McKimmey,hmckimmeyeb@howstuffworks.com,Male,China,Wudabao
517,Darrell,Redwing,dredwingec@free.fr,Male,China,Yunyang
518,Saudra,Szymanowicz,sszymanowiczed@aol.com,Female,Russia,Shakhun’ya
519,Sheena,Alyokhin,salyokhinee@berkeley.edu,Female,Argentina,Arraga
520,Taite,St. Quentin,tstquentinef@bing.com,Male,Mexico,Vista Hermosa
521,Albertina,Matushenko,amatushenkoeg@list-manage.com,Female,Brazil,Unaí
522,Xymenes,Pretorius,xpretoriuseh@furl.net,Male,Brazil,Ceará Mirim
523,Patty,Driffe,pdriffeei@wikispaces.com,Female,China,Shiren
524,Rabi,Brilon,rbrilonej@usa.gov,Male,Philippines,Dagohoy
525,Solly,Tomney,stomneyek@wikispaces.com,Male,Ukraine,Vasyshcheve
526,Jonathon,Arnott,jarnottel@dion.ne.jp,Male,France,Villeurbanne
527,Kristos,Tabord,ktabordem@g.co,Male,Indonesia,Watubura
528,Constantino,Maddocks,cmaddocksen@hubpages.com,Male,Philippines,Ramos
529,Goraud,Nicholson,gnicholsoneo@tripadvisor.com,Male,Mexico,Lazaro Cardenas
530,Gabriel,Joinsey,gjoinseyep@themeforest.net,Bigender,China,Haramgai
531,Bay,Scini,bscinieq@webnode.com,Polygender,Vietnam,Nhà Bè
532,Bil,Dewdney,bdewdneyer@ycombinator.com,Male,Barbados,Greenland
533,Godart,Perin,gperines@hatena.ne.jp,Male,Indonesia,Cemara
534,Law,Rollins,lrollinset@amazon.co.jp,Genderqueer,Russia,Orekhovo-Zuyevo
535,Em,Mugridge,emugridgeeu@wp.com,Female,Indonesia,Bondokodi
536,Frederic,Gaines,fgainesev@bizjournals.com,Male,Indonesia,Datarkadu
537,Wait,Rosser,wrosserew@opensource.org,Male,Mexico,San Antonio
538,Bernice,Scrimgeour,bscrimgeourex@hubpages.com,Female,Slovenia,Pesnica pri Mariboru
539,Arthur,Pigford,apigfordey@epa.gov,Male,China,Xiaoling
540,Amory,Brose,abroseez@huffingtonpost.com,Male,Indonesia,Kotanopan
541,Chev,De Mattia,cdemattiaf0@pcworld.com,Male,Philippines,Calumpang
542,Elwin,Eastmead,eeastmeadf1@tmall.com,Male,China,Yishui
543,Flossie,Parzizek,fparzizekf2@diigo.com,Female,China,Changqi
544,Berry,Beedie,bbeedief3@g.co,Female,China,Xiyang
545,Meier,Marklew,mmarklewf4@forbes.com,Male,China,Dengfang
546,Dorette,Gilhouley,dgilhouleyf5@about.com,Female,China,Gushan
547,Jasmin,Orrobin,jorrobinf6@tamu.edu,Female,China,Fanyang
548,Robbert,Rude,rrudef7@buzzfeed.com,Male,Ukraine,Turiys’k
549,Mattheus,Alejandre,malejandref8@apple.com,Male,China,Xiaojiangba
550,Brant,Tatam,btatamf9@xinhuanet.com,Male,China,Dalian
551,Ora,Kobes,okobesfa@bloomberg.com,Female,Yemen,Al ‘Udayn
552,Elliott,Strotone,estrotonefb@simplemachines.org,Male,Poland,Zbąszynek
553,Janeczka,Craven,jcravenfc@sciencedaily.com,Female,Indonesia,Krajan Satu
554,Kelby,Tibbs,ktibbsfd@live.com,Male,Tanzania,Uyovu
555,Erek,Spearett,espearettfe@hp.com,Male,Portugal,Tomar
556,Bonnee,Tineman,btinemanff@de.vu,Female,China,Nanbao
557,Jayson,Gilhooly,jgilhoolyfg@hugedomains.com,Male,Indonesia,Balauring
558,Valentia,MacLachlan,vmaclachlanfh@over-blog.com,Female,Tanzania,Nzega
559,Karilynn,Arrington,karringtonfi@mozilla.com,Female,Thailand,Tha Uthen
560,Caressa,Theuff,ctheufffj@pagesperso-orange.fr,Female,China,Zhouxi
561,Herve,Fluger,hflugerfk@si.edu,Male,China,Baolong
562,Reagan,Bellon,rbellonfl@amazon.com,Male,Yemen,Ma‘bar
563,Pansy,Blethyn,pblethynfm@merriam-webster.com,Polygender,Indonesia,Oenaik
564,Gusty,Biddulph,gbiddulphfn@typepad.com,Female,China,Shijing
565,Elisabetta,Linch,elinchfo@bloomberg.com,Female,Jamaica,Duncans
566,Gabbie,Knevet,gknevetfp@prlog.org,Male,Ireland,Greystones
567,Sandie,Guyton,sguytonfq@mediafire.com,Female,Dominica,Calibishie
568,Boycie,Barnwille,bbarnwillefr@theatlantic.com,Male,Israel,Kefar Yona
569,Raina,Fieldsend,rfieldsendfs@cyberchimps.com,Female,Honduras,Mojimán
570,Melisandra,Grigoriscu,mgrigoriscuft@chron.com,Female,Serbia,Kulpin
571,Farlee,Leban,flebanfu@nasa.gov,Male,Poland,Jawor
572,Bryn,Worsfield,bworsfieldfv@plala.or.jp,Male,China,Chengdong
573,Baxy,Greguoli,bgreguolifw@sun.com,Male,Moldova,Slobozia
574,Barbi,Teece,bteecefx@devhub.com,Female,Poland,Koszyce Wielkie
575,Silva,Horley,shorleyfy@nytimes.com,Genderqueer,China,Jinling
576,Perle,Haslehurst,phaslehurstfz@senate.gov,Female,China,Zhongba
577,Kirbee,Larret,klarretg0@psu.edu,Female,China,Tiyuguan
578,Isidoro,Kilpin,ikilping1@devhub.com,Male,Sweden,Bollnäs
579,Siobhan,Ruseworth,sruseworthg2@macromedia.com,Non-binary,China,Xiling
580,Norean,Ferrieres,nferrieresg3@devhub.com,Female,Chile,Los Ángeles
581,Kassia,Stoate,kstoateg4@gov.uk,Female,Portugal,Taveiro
582,Merilee,Gayton,mgaytong5@cbslocal.com,Polygender,China,Kuantian
583,Sarita,Challace,schallaceg6@arizona.edu,Female,Thailand,Ban Phai
584,Toinette,Casero,tcaserog7@huffingtonpost.com,Female,Slovenia,Trnovlje pri Celju
585,Lilllie,Werrit,lwerritg8@storify.com,Female,Jordan,‘Izrā
586,Sherrie,Murrthum,smurrthumg9@unesco.org,Female,Venezuela,Ocumare del Tuy
587,Teresa,Asey,taseyga@reuters.com,Female,Russia,Naushki
588,Diana,Hayler,dhaylergb@wunderground.com,Female,Burkina Faso,Manga
589,Sofie,Chmarny,schmarnygc@usnews.com,Female,China,Xinqiao
590,Tania,Grassick,tgrassickgd@aboutads.info,Agender,China,Xiniu
591,Hamnet,Tumpane,htumpanege@irs.gov,Male,Brazil,Campo Verde
592,Donnell,Duffill,dduffillgf@chicagotribune.com,Male,Indonesia,Tungguwaneng
593,Maryrose,MacLaverty,mmaclavertygg@usda.gov,Female,Poland,Czeremcha
594,Tate,Cardoe,tcardoegh@yolasite.com,Male,Sweden,Gävle
595,Yul,Arnfield,yarnfieldgi@printfriendly.com,Male,Uzbekistan,Qŭshkŭpir
596,Ramonda,McPhelimey,rmcphelimeygj@ustream.tv,Female,China,Jinlong
597,Dottie,Giacoppoli,dgiacoppoligk@illinois.edu,Female,Bosnia and Herzegovina,Vozuća
598,Granny,Kemshell,gkemshellgl@shinystat.com,Male,Colombia,Puerto Berrío
599,Shawnee,Mote,smotegm@amazon.com,Female,Peru,Jangas
600,Rici,Grevatt,rgrevattgn@yellowbook.com,Polygender,Argentina,Charras
601,Reece,Peachment,rpeachmentgo@jimdo.com,Male,Czech Republic,Sepekov
602,Gelya,Stennings,gstenningsgp@google.nl,Female,Philippines,Marihatag
603,Lorne,Peterson,lpetersongq@webnode.com,Male,Russia,Bratsk
604,Jennette,Jiras,jjirasgr@oracle.com,Female,Indonesia,Sukasenang
605,Fayre,Halso,fhalsogs@t.co,Genderqueer,China,Huangdu
606,Aube,Ratazzi,aratazzigt@biblegateway.com,Male,Indonesia,Kaliuda
607,Wright,Ringrose,wringrosegu@studiopress.com,Male,Brazil,Xanxerê
608,Siana,Petracchi,spetracchigv@meetup.com,Female,China,Obo
609,Iver,Kenderdine,ikenderdinegw@sciencedirect.com,Male,Indonesia,Pagelaran
610,Jacinda,Skellorne,jskellornegx@usda.gov,Female,Philippines,Balbalan
611,Alfy,Glynn,aglynngy@biblegateway.com,Female,China,Maoqitun
612,Farah,Kimber,fkimbergz@indiegogo.com,Bigender,Afghanistan,Jawand
613,Claretta,Le Frank,clefrankh0@imgur.com,Female,Denmark,København
614,Robin,Ughi,rughih1@hexun.com,Female,Ecuador,Huaquillas
615,Danyette,Pym,dpymh2@bigcartel.com,Female,Greece,Genisséa
616,Lorenza,Galbraith,lgalbraithh3@mail.ru,Female,China,Shiqiao
617,Randal,Blance,rblanceh4@bandcamp.com,Agender,China,Shixiang
618,Julio,Dundredge,jdundredgeh5@jugem.jp,Male,China,Chuntai
619,Tiffanie,Holmyard,tholmyardh6@nps.gov,Female,Indonesia,Margamukti
620,Melisandra,Pozzo,mpozzoh7@creativecommons.org,Female,Thailand,Thung Song
621,Katy,Calendar,kcalendarh8@list-manage.com,Female,French Polynesia,Rikitea
622,Tiena,Burris,tburrish9@ucoz.com,Bigender,Russia,Bokino
623,Marylee,Barnes,mbarnesha@networksolutions.com,Female,Thailand,Wiang Chiang Rung
624,Alistair,Thurnham,athurnhamhb@google.co.uk,Male,Indonesia,Muarabuliti
625,Friedrich,Bynold,fbynoldhc@businessinsider.com,Male,Senegal,Koungheul
626,Vaclav,Brain,vbrainhd@sitemeter.com,Male,Poland,Niedźwiedź
627,Odo,Ramsby,oramsbyhe@tumblr.com,Male,Canada,Mont-Saint-Hilaire
628,Chrissie,Chiswell,cchiswellhf@spiegel.de,Female,Sweden,Katrineholm
629,Solomon,Merigot,smerigothg@bbc.co.uk,Bigender,Colombia,Anolaima
630,Leif,Ethelstone,lethelstonehh@csmonitor.com,Male,China,Fengniancun
631,Tedie,Breeton,tbreetonhi@flavors.me,Agender,Brazil,Governador Valadares
632,Felizio,Tureville,fturevillehj@nps.gov,Male,Canada,Picton
633,Bobbette,Good,bgoodhk@wufoo.com,Female,Indonesia,Cilaja
634,Fannie,Julyan,fjulyanhl@nature.com,Female,China,Longyuanba
635,Reid,Birckmann,rbirckmannhm@cocolog-nifty.com,Male,Germany,Stuttgart
636,Gill,Newgrosh,gnewgroshhn@ebay.com,Male,China,Chengdong
637,Marleen,Rudledge,mrudledgeho@bizjournals.com,Female,China,Sancha
638,Randie,Delap,rdelaphp@answers.com,Male,Mexico,Emiliano Zapata
639,Merrel,Goodsell,mgoodsellhq@timesonline.co.uk,Male,United States,San Diego
640,Jenn,Harsnep,jharsnephr@sogou.com,Female,Latvia,Gulbene
641,Tabbie,De Clairmont,tdeclairmonths@gizmodo.com,Male,China,Pukou
642,Amalee,Greggs,agreggsht@seesaa.net,Female,Thailand,Lop Buri
643,Myca,Dhenin,mdheninhu@nps.gov,Male,Russia,Kyzyl
644,Aleda,Mellor,amellorhv@ebay.com,Female,Japan,Sukumo
645,Sherm,Wessell,swessellhw@fastcompany.com,Male,Thailand,Samut Prakan
646,Yalonda,McGarry,ymcgarryhx@nsw.gov.au,Female,China,Daminggong
647,Rebekkah,Topes,rtopeshy@wisc.edu,Female,Brazil,São Lourenço
648,Guillemette,Sharpin,gsharpinhz@a8.net,Female,Portugal,Azinhal
649,Sarah,De Cruze,sdecruzei0@printfriendly.com,Female,Czech Republic,Hanušovice
650,Maisey,Cathel,mcatheli1@soup.io,Female,Thailand,Yan Nawa
651,Hedwig,Hounsome,hhounsomei2@surveymonkey.com,Female,Bhutan,Samdrup Jongkhar
652,Michele,Conisbee,mconisbeei3@ft.com,Male,Thailand,Phichit
653,Any,Haighton,ahaightoni4@squidoo.com,Male,China,Yanjiang
654,Maribel,Ravenshear,mravensheari5@businessinsider.com,Female,Indonesia,Kotabaru
655,Lurette,Drewes,ldrewesi6@illinois.edu,Agender,Georgia,P’rimorsk’oe
656,Lanni,Hallwell,lhallwelli7@senate.gov,Female,France,Boulogne-Billancourt
657,Rob,Bullier,rbullieri8@mayoclinic.com,Male,Philippines,Mandaue City
658,Gerhardine,Steanyng,gsteanyngi9@engadget.com,Female,Philippines,Pongol
659,Zollie,Durning,zdurningia@businesswire.com,Male,Sweden,Stockholm
660,Gregorius,Hackworth,ghackworthib@chronoengine.com,Male,Indonesia,Tembeling
661,Clareta,Sharrock,csharrockic@patch.com,Female,United States,Kansas City
662,Vicky,Bockmann,vbockmannid@drupal.org,Female,United States,Independence
663,Rosita,Russen,rrussenie@addtoany.com,Female,Indonesia,Temorlorong
664,Brade,Betun,bbetunif@sun.com,Male,Mexico,La Esperanza
665,Lamar,Sandaver,lsandaverig@edublogs.org,Male,China,Qingshuihe
666,Bronnie,Mocquer,bmocquerih@webnode.com,Male,Japan,Kashima
667,Afton,Huddy,ahuddyii@yolasite.com,Bigender,China,Huangben
668,Mela,Jacke,mjackeij@lulu.com,Female,Nigeria,Kari
669,Cirilo,Kilgallon,ckilgallonik@pagesperso-orange.fr,Male,Argentina,Venado Tuerto
670,Farrel,Faircloth,ffairclothil@t.co,Male,Mongolia,Tsagaannuur
671,Phil,Badwick,pbadwickim@globo.com,Female,Iran,Masjed Soleymān
672,Lancelot,Godbolt,lgodboltin@telegraph.co.uk,Male,China,Gangmei
673,Siward,Beardall,sbeardallio@redcross.org,Polygender,Thailand,Non Sung
674,Eugenie,Noell,enoellip@uol.com.br,Female,Indonesia,Bangkalan
675,Hesther,Paintain,hpaintainiq@chron.com,Female,Vietnam,Thị Trấn Phong Thổ
676,Elke,Greenhead,egreenheadir@tiny.cc,Female,Russia,Severo-Yeniseyskiy
677,Emile,Brothwell,ebrothwellis@techcrunch.com,Genderfluid,Slovenia,Trnovska Vas
678,Demetri,Lumbers,dlumbersit@cloudflare.com,Male,China,Qiandian
679,Gui,Mavin,gmaviniu@yolasite.com,Agender,Poland,Bielawy
680,Early,Moring,emoringiv@miitbeian.gov.cn,Male,Japan,Tomioka
681,Boycey,Morton,bmortoniw@soup.io,Male,Russia,Korsakovo
682,Elaina,Bambrugh,ebambrughix@drupal.org,Female,Indonesia,Batulawang
683,Giacopo,Pentony,gpentonyiy@wired.com,Male,Russia,Mayskiy
684,Wheeler,Copnell,wcopnelliz@intel.com,Male,Canada,Neebing
685,Lem,Arnaudin,larnaudinj0@house.gov,Male,Sri Lanka,Kolonnawa
686,Karlis,Gurnee,kgurneej1@cocolog-nifty.com,Male,Libya,Tagiura
687,Barron,Argontt,bargonttj2@themeforest.net,Genderfluid,China,Dingbu
688,Thorn,Bottoms,tbottomsj3@t-online.de,Male,China,Yangzhong
689,Megen,Cisco,mciscoj4@disqus.com,Female,Oman,Ibrā’
690,Nell,Ilyenko,nilyenkoj5@ucla.edu,Female,Sweden,Ljungby
691,Lilah,Rozea,lrozeaj6@example.com,Female,Sweden,Danderyd
692,Robin,Kores,rkoresj7@theglobeandmail.com,Female,Russia,Divnoye
693,Archibold,Luciano,alucianoj8@slideshare.net,Male,China,Damaying
694,Hunfredo,Lissenden,hlissendenj9@npr.org,Polygender,France,Strasbourg
695,Scarface,Tonbye,stonbyeja@indiegogo.com,Male,China,Langxi
696,Ardisj,Crinion,acrinionjb@whitehouse.gov,Female,Egypt,Manfalūţ
697,Marcy,Jakes,mjakesjc@parallels.com,Female,China,Shinan
698,Ertha,Dybald,edybaldjd@dedecms.com,Female,Indonesia,Waiklibang
699,Rabbi,Ellerington,relleringtonje@delicious.com,Bigender,Indonesia,Pulaupinang
700,Terese,Benardet,tbenardetjf@google.es,Female,China,Baisha
701,Karl,Normanvill,knormanvilljg@multiply.com,Male,Colombia,La Cruz
702,Carlina,Morison,cmorisonjh@twitpic.com,Female,Ukraine,Sutysky
703,Jodie,Lung,jlungji@cpanel.net,Male,Finland,Joutsa
704,Corine,Espinosa,cespinosajj@washingtonpost.com,Female,Peru,Llauta
705,Hayyim,Kondratowicz,hkondratowiczjk@chronoengine.com,Male,China,Shiyun
706,Nedi,Dominique,ndominiquejl@npr.org,Female,Democratic Republic of the Congo,Gandajika
707,Marcia,MacTimpany,mmactimpanyjm@symantec.com,Female,Dominican Republic,Sabana Grande de Palenque
708,Aubrie,Ridgway,aridgwayjn@acquirethisname.com,Genderqueer,China,Xinglong
709,Gil,Lindemann,glindemannjo@jigsy.com,Male,Brazil,Ibitinga
710,Ambrosius,Chritchlow,achritchlowjp@reddit.com,Male,China,Jiajiaying
711,Eve,Fraczak,efraczakjq@businessweek.com,Female,China,Gemo
712,Beret,Caughey,bcaugheyjr@nhs.uk,Female,Mongolia,Shiree
713,Lewes,Wass,lwassjs@webs.com,Male,Libya,Tobruk
714,Patrizius,Bradane,pbradanejt@cyberchimps.com,Male,China,Liudong
715,Fedora,Siely,fsielyju@plala.or.jp,Female,China,Qaxa
716,Kelley,Pittel,kpitteljv@angelfire.com,Male,Mongolia,Nart
717,Derby,McMichell,dmcmichelljw@paypal.com,Male,Russia,Buturlinovka
718,Silvano,Burg,sburgjx@weibo.com,Male,Philippines,Sonquil
719,Kenneth,Lecordier,klecordierjy@ning.com,Male,China,Gulou
720,Cozmo,Huckabe,chuckabejz@ted.com,Male,Panama,Los Boquerones
721,Sim,Melbury,smelburyk0@archive.org,Male,China,Dengzishan
722,Lorant,Bonnette,lbonnettek1@cisco.com,Male,France,Sarlat-la-Canéda
723,Sarge,Rothwell,srothwellk2@cnbc.com,Male,Uzbekistan,Yangiyŭl
724,Chaunce,Nuttey,cnutteyk3@google.es,Bigender,Canada,Newmarket
725,Rupert,Thormwell,rthormwellk4@nih.gov,Male,Madagascar,Amboanjo
726,Bunni,Clayworth,bclayworthk5@de.vu,Female,China,Nanlang
727,Mella,Eller,mellerk6@flickr.com,Genderfluid,China,Suqu
728,Glory,Champion,gchampionk7@dion.ne.jp,Female,France,Moissy-Cramayel
729,Jillian,Helliwell,jhelliwellk8@diigo.com,Female,China,Guantun
730,Anatole,Cutteridge,acutteridgek9@ox.ac.uk,Male,Indonesia,Banjar Lalangpasek
731,Eben,Ernke,eernkeka@liveinternet.ru,Agender,Senegal,Gandiaye
732,Eran,Sharnock,esharnockkb@printfriendly.com,Female,China,Xingyi
733,Peyton,Woolhouse,pwoolhousekc@shareasale.com,Male,Russia,Ust’ye
734,Laurie,Grosier,lgrosierkd@freewebs.com,Male,Russia,Staraya Kupavna
735,Odelle,Pluck,opluckke@mapy.cz,Female,Thailand,Ban Phue
736,Thain,Ravenscroft,travenscroftkf@nba.com,Male,Ecuador,La Maná
737,Jeno,Nuccitelli,jnuccitellikg@unicef.org,Male,Cuba,Condado
738,Lewie,Munkley,lmunkleykh@microsoft.com,Male,Bolivia,Coripata
739,Teriann,Kiloh,tkilohki@intel.com,Genderfluid,China,Ganchazi
740,Lynnet,Travis,ltraviskj@bigcartel.com,Female,Syria,‘Ayn al ‘Arab
741,Uta,Dundredge,udundredgekk@answers.com,Female,Philippines,Guiuan
742,Wade,Ticic,wticickl@multiply.com,Male,Serbia,Koceljeva
743,Jarrett,Bassilashvili,jbassilashvilikm@surveymonkey.com,Male,Indonesia,Matangpayang
744,Vittoria,Arnopp,varnoppkn@jugem.jp,Female,France,Paris 06
745,Tucky,Furmonger,tfurmongerko@elpais.com,Male,South Africa,Burgersdorp
746,Emmie,Glastonbury,eglastonburykp@cocolog-nifty.com,Genderqueer,China,Dengyue
747,Maiga,Allberry,mallberrykq@soundcloud.com,Female,Guatemala,Esquipulas Palo Gordo
748,Cathleen,Pollard,cpollardkr@freewebs.com,Female,Syria,Barrī ash Sharqī
749,Kris,Parysowna,kparysownaks@plala.or.jp,Female,Portugal,Rio de Moinhos
750,Catha,Hardesty,chardestykt@oracle.com,Female,Philippines,Palauig
751,Alejandra,Loukes,aloukesku@whitehouse.gov,Female,China,Nianba
752,Hatti,Rabley,hrableykv@nasa.gov,Polygender,Bosnia and Herzegovina,Gornja Koprivna
753,Robby,Gallehock,rgallehockkw@ezinearticles.com,Female,Russia,Energetik
754,Vonny,Mattheissen,vmattheissenkx@ehow.com,Genderqueer,Cuba,Jiguaní
755,Weider,Chisnall,wchisnallky@discovery.com,Male,Brazil,Boa Vista
756,Winnifred,Bazek,wbazekkz@dion.ne.jp,Female,China,Sanlanbahai
757,Wade,Matokhnin,wmatokhninl0@nsw.gov.au,Male,China,Fuling
758,Gusty,Broinlich,gbroinlichl1@xing.com,Polygender,Cayman Islands,North Side
759,Jerrylee,Lieber,jlieberl2@fda.gov,Polygender,Indonesia,Johogunung
760,Brook,Malitrott,bmalitrottl3@intel.com,Male,China,Xingtai
761,Melody,Gewer,mgewerl4@github.com,Genderqueer,Canada,Beaverlodge
762,Gunar,Gopsell,ggopselll5@umich.edu,Male,Malaysia,Tawau
763,Rutter,Allston,rallstonl6@wisc.edu,Male,Uzbekistan,Kirgili
764,Tracy,Sylvaine,tsylvainel7@reddit.com,Male,Russia,Tankhoy
765,Deva,Cartlidge,dcartlidgel8@bbb.org,Bigender,Bolivia,Mizque
766,Jammie,Rings,jringsl9@webeden.co.uk,Female,Malaysia,Johor Bahru
767,Lisle,Lugton,llugtonla@ehow.com,Male,China,Daxing
768,Tine,Anselm,tanselmlb@networksolutions.com,Female,Belarus,Ramanavichy
769,Johny,Houndesome,jhoundesomelc@skyrock.com,Male,Nigeria,Vom
770,Shayne,Toyer,stoyerld@baidu.com,Female,Macedonia,Неготино
771,Wendie,Norewood,wnorewoodle@nytimes.com,Female,China,Gaoliang
772,Jena,O'Brogane,jobroganelf@squidoo.com,Female,Portugal,Agualva de Cima
773,Purcell,Janosevic,pjanoseviclg@desdev.cn,Polygender,Indonesia,Temorlorong
774,Alisander,Smalridge,asmalridgelh@google.es,Male,France,La Ravoire
775,Nina,Ripping,nrippingli@quantcast.com,Genderqueer,China,Xianyan
776,Tammy,Roddie,troddielj@imgur.com,Female,Finland,Juuka
777,Siward,Pillinger,spillingerlk@github.com,Male,China,Dongjiahe
778,Adi,Enrietto,aenriettoll@tinyurl.com,Female,South Korea,Goseong
779,Druci,Revett,drevettlm@princeton.edu,Female,Brazil,Matozinhos
780,Magdaia,Tollerton,mtollertonln@indiegogo.com,Female,Saudi Arabia,Ad Dawādimī
781,Adele,Baggot,abaggotlo@miitbeian.gov.cn,Female,Indonesia,Putrajawa
782,Elton,Glenfield,eglenfieldlp@unesco.org,Male,Indonesia,Rangah
783,Laura,Santos,lsantoslq@privacy.gov.au,Female,Indonesia,Jungutbatu Kaja Dua
784,Nikolai,Fawdrie,nfawdrielr@fema.gov,Polygender,France,Saint-Jouan-des-Guérets
785,Ricoriki,Kestell,rkestellls@miibeian.gov.cn,Male,Honduras,Los Tangos
786,Justis,Brigge,jbriggelt@yahoo.com,Male,China,Feng’an
787,Janifer,Polley,jpolleylu@reverbnation.com,Female,Peru,Huancaray
788,Devondra,Riepl,driepllv@imgur.com,Female,Russia,Makar’yev
789,Cesya,Pablo,cpablolw@deliciousdays.com,Female,Ukraine,Chornukhy
790,Terrie,Nelmes,tnelmeslx@mayoclinic.com,Female,China,Yangdi
791,Jilleen,Spencer,jspencerly@businessweek.com,Female,United States,Los Angeles
792,Ralph,Parsley,rparsleylz@example.com,Male,South Africa,Lydenburg
793,Andi,Kalinsky,akalinskym0@github.io,Female,Portugal,Seroa
794,Malorie,Cuthbertson,mcuthbertsonm1@biglobe.ne.jp,Female,Russia,Turki
795,Franklyn,Blachford,fblachfordm2@bing.com,Male,Greece,Marína
796,Eimile,Moran,emoranm3@nba.com,Genderqueer,Honduras,Choloma
797,Terrell,Moggach,tmoggachm4@last.fm,Male,Samoa,Fasito‘outa
798,Jordon,Popplewell,jpopplewellm5@apache.org,Male,Georgia,Sighnaghi
799,Annalise,Farlowe,afarlowem6@simplemachines.org,Female,Japan,Kawagoe
800,Reginauld,Toyer,rtoyerm7@webeden.co.uk,Polygender,Mexico,Nueva Esperanza
801,Melania,O'Cannon,mocannonm8@cdc.gov,Female,Tanzania,Lindi
802,Bernadina,Giraths,bgirathsm9@angelfire.com,Female,Iraq,Erbil
803,Sigismundo,Brabender,sbrabenderma@istockphoto.com,Genderfluid,Cuba,Media Luna
804,Morse,Goodfield,mgoodfieldmb@youtu.be,Male,Armenia,Dzoraghbyur
805,Veda,Chartre,vchartremc@bandcamp.com,Female,Uzbekistan,Namangan
806,Lenee,Kynastone,lkynastonemd@livejournal.com,Female,China,Yinzhu
807,Ned,Halbord,nhalbordme@baidu.com,Male,Poland,Gilowice
808,Kalina,Vennings,kvenningsmf@miibeian.gov.cn,Female,Indonesia,Warungpeuteuy
809,Basilius,Martinovic,bmartinovicmg@elpais.com,Male,Indonesia,Geneng
810,Ignacio,O'Sharkey,iosharkeymh@google.com.br,Genderqueer,Palestinian Territory,Bayt Līd
811,Blinni,Grouen,bgrouenmi@linkedin.com,Female,North Korea,Sinmak
812,Archy,Corrao,acorraomj@msn.com,Male,Zimbabwe,Chinhoyi
813,Derk,Paunton,dpauntonmk@mit.edu,Male,Croatia,Rijeka
814,Harriette,Shoard,hshoardml@mediafire.com,Female,Poland,Ryglice
815,Waite,Osgordby,wosgordbymm@miitbeian.gov.cn,Genderqueer,Pakistan,Mandi Bahāuddīn
816,Chet,Trippick,ctrippickmn@sourceforge.net,Male,Ukraine,Vendychany
817,Davidson,Blackburne,dblackburnemo@multiply.com,Male,Indonesia,Garunggang
818,Caspar,Chantree,cchantreemp@statcounter.com,Male,Indonesia,Krajan
819,Cassondra,Rhodus,crhodusmq@so-net.ne.jp,Female,Azerbaijan,Birinci Aşıqlı
820,Yard,Minghella,yminghellamr@miitbeian.gov.cn,Male,China,Yong’an
821,Pearce,Tabert,ptabertms@patch.com,Male,Indonesia,Sananrejo
822,Hayward,Roston,hrostonmt@ibm.com,Genderqueer,Pakistan,Mehrābpur
823,Maiga,Troman,mtromanmu@godaddy.com,Female,Serbia,Bačka Palanka
824,Sib,Dovidian,sdovidianmv@wp.com,Agender,France,Aulnay-sous-Bois
825,Rita,Gwalter,rgwaltermw@comsenz.com,Female,Czech Republic,Rousínov
826,Stacee,Brushfield,sbrushfieldmx@kickstarter.com,Female,France,Béziers
827,Aurilia,Force,aforcemy@apache.org,Female,Indonesia,Broto
828,Kirk,Maccrae,kmaccraemz@buzzfeed.com,Male,Gambia,Sutukung
829,Dorey,Glaves,dglavesn0@comsenz.com,Male,Honduras,La Sarrosa
830,Wendie,Giabucci,wgiabuccin1@digg.com,Female,Russia,Dinskaya
831,Donovan,Dyzart,ddyzartn2@ed.gov,Male,Indonesia,Mulyo
832,Abram,Bruinsma,abruinsman3@businessweek.com,Male,Portugal,Quintãs
833,Caprice,D' Angelo,cdangelon4@latimes.com,Female,Indonesia,Lokorae
834,Perry,Billingham,pbillinghamn5@csmonitor.com,Agender,Indonesia,Padang
835,Corny,Stubley,cstubleyn6@wp.com,Male,Luxembourg,Wilwerwiltz
836,Robinia,Tewelson,rtewelsonn7@npr.org,Female,Serbia,Debeljača
837,Meade,Chuney,mchuneyn8@shinystat.com,Female,China,Neiguan
838,Shaw,Wadge,swadgen9@ebay.com,Male,Russia,Chishmy
839,Ofelia,Dickson,odicksonna@shareasale.com,Female,China,Maintang
840,Benjy,Cluatt,bcluattnb@cnn.com,Male,Kenya,Embu
841,Blanca,Brandts,bbrandtsnc@nhs.uk,Female,Russia,Krasnovishersk
842,Xylia,Gannicleff,xgannicleffnd@eventbrite.com,Female,China,Yanliang
843,Matt,Laxston,mlaxstonne@sitemeter.com,Male,Costa Rica,Nandayure
844,Chase,Sherlock,csherlocknf@nhs.uk,Male,Russia,Kommunar
845,Elijah,Sanford,esanfordng@auda.org.au,Non-binary,Russia,Opechenskiy Posad
846,Fanya,Stansell,fstansellnh@psu.edu,Female,Sudan,Kassala
847,Grenville,Ranald,granaldni@sun.com,Male,France,Avon
848,Josias,McTrustey,jmctrusteynj@linkedin.com,Male,China,Fenghuangdong
849,Bruis,Hyder,bhydernk@youtube.com,Male,Colombia,Plato
850,Barrie,Milier,bmiliernl@t.co,Female,Poland,Dębe Wielkie
851,Cosimo,Whitebrook,cwhitebrooknm@desdev.cn,Male,China,Wangxian
852,Marris,Stent,mstentnn@indiegogo.com,Female,China,Caiyuan
853,Valaree,Littlejohns,vlittlejohnsno@boston.com,Female,France,Marseille
854,Harrison,Beyer,hbeyernp@stumbleupon.com,Male,Thailand,Don Mueang
855,Rice,Duigan,rduigannq@elegantthemes.com,Male,Russia,Korsakovo
856,Jorey,Littell,jlittellnr@skype.com,Female,China,Anshan
857,Adela,Cosgrive,acosgrivens@pen.io,Female,Indonesia,Tempel
858,Ana,Franks,afranksnt@princeton.edu,Female,Portugal,Canhestros
859,Hardy,Forman,hformannu@cisco.com,Agender,Indonesia,Gotputuk
860,Kain,Mordey,kmordeynv@prweb.com,Male,Venezuela,Rubio
861,Den,Yalden,dyaldennw@tiny.cc,Bigender,Nigeria,Obollo-Afor
862,Deanne,Ligertwood,dligertwoodnx@vimeo.com,Non-binary,France,Mundolsheim
863,Hildagarde,Ryrie,hryrieny@furl.net,Female,Czech Republic,Moravský Krumlov
864,Danyette,Burnand,dburnandnz@scientificamerican.com,Non-binary,China,Henggang
865,Ashly,Anglish,aanglisho0@marriott.com,Female,China,Laojieji
866,Owen,Rama,oramao1@cnet.com,Male,Czech Republic,Kobylí
867,Robinet,London,rlondono2@is.gd,Female,Venezuela,Santa María de Caparo
868,Wake,Demko,wdemkoo3@netlog.com,Male,Syria,As Sukhnah
869,Rurik,La Rosa,rlarosao4@kickstarter.com,Male,Honduras,Nueva Ocotepeque
870,Marco,Varfolomeev,mvarfolomeevo5@omniture.com,Male,China,Shimen
871,Stephi,Abrams,sabramso6@cocolog-nifty.com,Female,Brazil,Tijucas
872,Rey,Rubke,rrubkeo7@tiny.cc,Female,Portugal,Carvalhal da Aroeira
873,Kendell,Blas,kblaso8@purevolume.com,Male,North Korea,Ongjin
874,Siegfried,Stroobant,sstroobanto9@ucoz.ru,Male,Philippines,Banisilan
875,Darb,Mosdell,dmosdelloa@nifty.com,Female,Finland,Kaavi
876,Elvyn,Etchingham,eetchinghamob@weibo.com,Male,Portugal,Alcorriol
877,Juan,Lister,jlisteroc@1und1.de,Male,Serbia,Kuštilj
878,Malina,By,mbyod@fotki.com,Genderfluid,China,Temeke
879,Reinold,Cayton,rcaytonoe@independent.co.uk,Male,Portugal,Touguinha
880,Briano,Kinavan,bkinavanof@time.com,Male,Armenia,Marmashen
881,Sydney,Trueman,struemanog@elpais.com,Female,Albania,Zall-Herr
882,Gunar,Treasure,gtreasureoh@naver.com,Male,Indonesia,Tlogosari
883,Ketty,Lambotin,klambotinoi@odnoklassniki.ru,Female,Portugal,Costa de Rios Frios
884,Conn,Younge,cyoungeoj@clickbank.net,Male,Uganda,Oyam
885,Larissa,Preble,lprebleok@dyndns.org,Female,Indonesia,Kuluran
886,Mella,Kingzet,mkingzetol@tumblr.com,Female,Nigeria,Ukata
887,Erie,Romao,eromaoom@imageshack.us,Male,France,Chartres
888,Kayla,McBeith,kmcbeithon@123-reg.co.uk,Female,Serbia,Novi Bečej
889,Broderic,Rogge,broggeoo@artisteer.com,Male,China,Dongxin
890,Marty,Dounbare,mdounbareop@discovery.com,Male,Uzbekistan,Kosonsoy
891,Pegeen,Wilcocke,pwilcockeoq@wordpress.com,Female,Portugal,Almodôvar
892,Pernell,Chatan,pchatanor@cam.ac.uk,Male,Indonesia,Gandong
893,Farley,Giorgione,fgiorgioneos@ovh.net,Male,France,Aubenas
894,Raimund,McTerlagh,rmcterlaghot@typepad.com,Male,Russia,Vysotsk
895,Brennan,Mongain,bmongainou@list-manage.com,Male,Ireland,Ballyhaunis
896,Eula,Fishburn,efishburnov@wiley.com,Female,Philippines,Gandara
897,Carlye,Harrowell,charrowellow@bloomberg.com,Female,China,Zhuhu
898,Rica,Molohan,rmolohanox@mayoclinic.com,Female,France,Alençon
899,Farrell,Melley,fmelleyoy@biglobe.ne.jp,Male,China,Shuangfeng
900,Adriaens,Nassau,anassauoz@friendfeed.com,Bigender,Brazil,Paranapanema
901,Sammy,Jedraszek,sjedraszekp0@engadget.com,Polygender,France,Amiens
902,Olenka,Glendenning,oglendenningp1@gov.uk,Female,Brazil,Brumado
903,Thatcher,O'Sheilds,tosheildsp2@jigsy.com,Male,Madagascar,Ampanihy
904,Parnell,Kahn,pkahnp3@goo.ne.jp,Polygender,Bahrain,Dār Kulayb
905,Gael,Myrtle,gmyrtlep4@stanford.edu,Female,Russia,Kvartsitnyy
906,Allistir,Murra,amurrap5@ycombinator.com,Male,Portugal,Outeiro
907,Roana,Rudledge,rrudledgep6@360.cn,Female,Nigeria,Gandi
908,Delcina,Feek,dfeekp7@ibm.com,Female,Ukraine,Pervomays’ke
909,Gabriella,Davidescu,gdavidescup8@dropbox.com,Female,United States,Albuquerque
910,Odey,Barabisch,obarabischp9@usa.gov,Male,Russia,Kurchaloy
911,Gail,Mottinelli,gmottinellipa@cbslocal.com,Male,China,Xianghu
912,Yehudit,Pasfield,ypasfieldpb@so-net.ne.jp,Male,China,Yingde’er
913,Dell,Cooksley,dcooksleypc@google.co.uk,Bigender,United States,Las Vegas
914,Ginevra,Aldus,galduspd@purevolume.com,Female,Indonesia,Binafun
915,Stacy,Boodell,sboodellpe@cornell.edu,Female,Portugal,Foros do Trapo
916,Phineas,Kinastan,pkinastanpf@photobucket.com,Male,Indonesia,Ladan
917,Anette,Timson,atimsonpg@nymag.com,Female,Equatorial Guinea,Bitica
918,Donnie,Garie,dgarieph@hc360.com,Female,Greece,Lagkadás
919,Philipa,Bunworth,pbunworthpi@statcounter.com,Female,China,Longtian
920,Giorgio,Umfrey,gumfreypj@salon.com,Non-binary,Indonesia,Semamung
921,Bonny,Blasius,bblasiuspk@loc.gov,Female,Thailand,Na Yong
922,Gustavus,Tresise,gtresisepl@mac.com,Male,China,Wenling
923,Gennifer,Osant,gosantpm@accuweather.com,Genderqueer,Ivory Coast,Soubré
924,Sydney,Owers,sowerspn@usda.gov,Female,Slovakia,Bratislava
925,Penni,Heaysman,pheaysmanpo@cnet.com,Female,Portugal,Famões
926,Preston,Heatlie,pheatliepp@globo.com,Male,Aland Islands,Geta
927,Kenton,Sebring,ksebringpq@newsvine.com,Male,Honduras,La Libertad
928,Harlin,Bessett,hbessettpr@statcounter.com,Male,China,Kaoshan
929,Yasmin,Radloff,yradloffps@pcworld.com,Female,Brazil,Sacramento
930,Cordelie,Heake,cheakept@jugem.jp,Female,Russia,Talashkino
931,Rodolfo,Ventom,rventompu@mtv.com,Male,China,Magutian
932,Maitilde,Hylden,mhyldenpv@dion.ne.jp,Female,Namibia,Opuwo
933,Joeann,Norrey,jnorreypw@moonfruit.com,Polygender,Portugal,Aroeira
934,Linea,MacGragh,lmacgraghpx@accuweather.com,Female,Colombia,Chitagá
935,Garry,Lowry,glowrypy@newyorker.com,Male,France,Blois
936,Christyna,Tomasicchio,ctomasicchiopz@people.com.cn,Female,Iceland,Borgarnes
937,Rhett,Lurcock,rlurcockq0@berkeley.edu,Male,Sweden,Staffanstorp
938,Mort,Clemendet,mclemendetq1@example.com,Male,Czech Republic,Velká Bystřice
939,Adan,Yorston,ayorstonq2@cnet.com,Female,Indonesia,Batur Kidul
940,Melonie,Wythill,mwythillq3@soundcloud.com,Female,Syria,Tall Rif‘at
941,Alejoa,Dobrowski,adobrowskiq4@irs.gov,Male,Philippines,Panaytayon
942,Ladonna,Dukes,ldukesq5@dedecms.com,Female,Philippines,Cabcaben
943,Orella,Adamovsky,oadamovskyq6@eventbrite.com,Female,Bulgaria,Tvŭrditsa
944,Antonietta,Abbado,aabbadoq7@fema.gov,Female,China,Pingdingbu
945,Eve,Franceschi,efranceschiq8@acquirethisname.com,Female,Japan,Kawanishi
946,Cinderella,Deem,cdeemq9@netlog.com,Female,New Zealand,Wiri
947,Adaline,Trowler,atrowlerqa@digg.com,Female,Malaysia,Alor Setar
948,Melvyn,Tatham,mtathamqb@timesonline.co.uk,Male,Madagascar,Ampahana
949,Trudy,Gaspar,tgasparqc@php.net,Female,China,Hexi
950,Genna,Myford,gmyfordqd@icq.com,Female,Indonesia,Malati
951,Carlin,Revel,crevelqe@engadget.com,Male,Cameroon,Kumbo
952,Nikos,Huntriss,nhuntrissqf@nyu.edu,Male,Russia,Solotcha
953,Regan,Bockmaster,rbockmasterqg@seattletimes.com,Male,Ukraine,Hulyaypole
954,Carin,Canon,ccanonqh@nbcnews.com,Female,China,Liangting
955,Teodoro,Ruppert,truppertqi@umn.edu,Male,China,Cheban
956,Killy,Ducker,kduckerqj@barnesandnoble.com,Male,France,Montpellier
957,Artair,Wooddisse,awooddisseqk@nasa.gov,Male,Canada,Sainte-Adèle
958,Donal,Alcock,dalcockql@si.edu,Male,Ethiopia,Lobuni
959,Trace,Maiden,tmaidenqm@wunderground.com,Male,Portugal,Pombal
960,Elysee,Sidry,esidryqn@pbs.org,Female,Germany,Remscheid
961,Basia,Confait,bconfaitqo@1688.com,Female,New Caledonia,Pouébo
962,Abraham,Ciardo,aciardoqp@ibm.com,Male,China,Xiaolin
963,Joyann,Farlham,jfarlhamqq@home.pl,Female,Nigeria,Ughelli
964,Carilyn,Enderson,cendersonqr@wordpress.org,Female,Kosovo,Glogovac
965,Jobina,Bamber,jbamberqs@feedburner.com,Female,Sierra Leone,Magburaka
966,Joan,Skene,jskeneqt@vistaprint.com,Female,China,Tuchengzi
967,Maitilde,Wiersma,mwiersmaqu@indiegogo.com,Female,North Korea,Kimch’aek-si
968,Garrett,Allsebrook,gallsebrookqv@trellian.com,Male,Bulgaria,Sozopol
969,Marillin,Romeril,mromerilqw@sina.com.cn,Female,Argentina,Quitilipi
970,Hale,Bindley,hbindleyqx@gnu.org,Male,Russia,Siukh
971,Davidde,Sowersby,dsowersbyqy@theglobeandmail.com,Male,Russia,Staraya Stanitsa
972,Tersina,Flegg,tfleggqz@imdb.com,Female,Albania,Saraqinishtë
973,Alyson,De-Ville,adeviller0@ehow.com,Female,China,Mingcheng
974,Harvey,Siemons,hsiemonsr1@blogs.com,Male,Poland,Bozkow
975,Denna,Rown,drownr2@nationalgeographic.com,Female,Ireland,Castlebellingham
976,Rebekkah,Scothron,rscothronr3@china.com.cn,Female,Honduras,San Marcos de Colón
977,Patrick,Hubeaux,phubeauxr4@cnn.com,Male,Sweden,Askersund
978,Blisse,Gwilliam,bgwilliamr5@e-recht24.de,Agender,Colombia,Tumaco
979,Gina,Mattielli,gmattiellir6@economist.com,Female,North Korea,Aoji-ri
980,Allyn,Roche,arocher7@theatlantic.com,Female,Poland,Tarłów
981,Dame,Nockles,dnocklesr8@fc2.com,Male,Colombia,La Jagua de Ibirico
982,Eirena,Tadgell,etadgellr9@arizona.edu,Female,China,Takeshiken
983,Myrvyn,Kytley,mkytleyra@java.com,Non-binary,Croatia,Vukovar
984,Barn,Whiterod,bwhiterodrb@boston.com,Male,Indonesia,Teluksantong
985,Brad,Collingridge,bcollingridgerc@yellowbook.com,Male,Czech Republic,Vojkovice
986,Selestina,Johnigan,sjohniganrd@google.com,Female,Japan,Kitakyūshū
987,Renaldo,Kyngdon,rkyngdonre@moonfruit.com,Male,China,Daxi
988,Travers,Goldwater,tgoldwaterrf@quantcast.com,Male,Brazil,Porteirinha
989,Scot,Hartfleet,shartfleetrg@paypal.com,Male,Germany,Magdeburg
990,Bird,Shallcross,bshallcrossrh@digg.com,Female,Canada,Irricana
991,Laurie,Workes,lworkesri@timesonline.co.uk,Female,Costa Rica,Nicoya
992,Davidson,Goolding,dgooldingrj@earthlink.net,Male,Hong Kong,Tai Po
993,Arly,Jillins,ajillinsrk@slideshare.net,Female,Luxembourg,Junglinster
994,Viviene,Chritchlow,vchritchlowrl@rediff.com,Female,Indonesia,Sedayu
995,Sheri,Sawl,ssawlrm@comcast.net,Bigender,Russia,Chekhov
996,Binny,Belward,bbelwardrn@last.fm,Female,Japan,Takaishi
997,Chalmers,Coole,ccoolero@ow.ly,Male,Egypt,Idkū
998,Blair,Buckam,bbuckamrp@slate.com,Male,Peru,Ayabaca
999,Emmit,Owbrick,eowbrickrq@sitemeter.com,Male,China,Longping
1000,Selestina,Simonich,ssimonichrr@issuu.com,Female,Czech Republic,Zdounky
